week of collection,variant,variant_aggregated,parent,proportions,conf.high,conf.low
2025-02-09,LP.8.1.1,LP.8.1.1*,LP.8.1,10.06333568,NA,NA
2025-02-09,Other,Other,Other,3.166783955,NA,NA
2025-02-09,KP.3.1.1,KP.3.1.1*,KP.3,18.85995778,NA,NA
2025-02-09,LF.7.7.2,LF.7.7.2,JN.1,2.39268121,NA,NA
2025-02-09,LP.8.1,LP.8.1*,LP.8.1,4.36312456,NA,NA
2025-02-09,MC.1,MC.1*,KP.3,6.966924701,NA,NA
2025-02-09,MC.1.2,MC.1.2,KP.3,3.800140746,NA,NA
2025-02-09,NP.1,NP.1,KP.3,4.433497537,NA,NA
2025-02-09,XEC,XEC*,XEC,28.92329346,NA,NA
2025-02-09,XEC.2,XEC.2*,XEC,5.770584096,NA,NA
2025-02-09,XEC.9,XEC.9,XEC,4.36312456,NA,NA
2025-02-09,JN.1,JN.1*,JN.1,5.137227305,NA,NA
2025-02-09,KP.3,KP.3*,KP.3,1.759324419,NA,NA
2025-02-23,LP.8.1.1,LP.8.1.1*,LP.8.1,14.1356256,NA,NA
2025-02-23,Other,Other,Other,3.438395415,NA,NA
2025-02-23,KP.3.1.1,KP.3.1.1*,KP.3,17.38299904,NA,NA
2025-02-23,LF.7.7.2,LF.7.7.2,JN.1,3.915950334,NA,NA
2025-02-23,LP.8.1,LP.8.1*,LP.8.1,3.342884432,NA,NA
2025-02-23,MC.1,MC.1*,KP.3,4.775549188,NA,NA
2025-02-23,MC.1.2,MC.1.2,KP.3,2.960840497,NA,NA
2025-02-23,NP.1,NP.1,KP.3,4.489016237,NA,NA
2025-02-23,XEC,XEC*,XEC,28.93982808,NA,NA
2025-02-23,XEC.2,XEC.2*,XEC,6.303724928,NA,NA
2025-02-23,XEC.9,XEC.9,XEC,1.814708691,NA,NA
2025-02-23,JN.1,JN.1*,JN.1,5.539637058,NA,NA
2025-02-23,KP.3,KP.3*,KP.3,2.960840497,NA,NA
2025-03-09,LP.8.1.1,LP.8.1.1*,LP.8.1,19.09090909,NA,NA
2025-03-09,Other,Other,Other,3.181818182,NA,NA
2025-03-09,KP.3.1.1,KP.3.1.1*,KP.3,14.39393939,NA,NA
2025-03-09,LF.7.7.2,LF.7.7.2,JN.1,5.303030303,NA,NA
2025-03-09,LP.8.1,LP.8.1*,LP.8.1,4.242424242,NA,NA
2025-03-09,MC.1,MC.1*,KP.3,3.939393939,NA,NA
2025-03-09,MC.1.2,MC.1.2,KP.3,2.727272727,NA,NA
2025-03-09,NP.1,NP.1,KP.3,3.636363636,NA,NA
2025-03-09,XEC,XEC*,XEC,27.72727273,NA,NA
2025-03-09,XEC.2,XEC.2*,XEC,4.090909091,NA,NA
2025-03-09,XEC.9,XEC.9,XEC,0.7575757576,NA,NA
2025-03-09,JN.1,JN.1*,JN.1,7.272727273,NA,NA
2025-03-09,KP.3,KP.3*,KP.3,3.636363636,NA,NA
2025-03-23,LP.8.1.1,LP.8.1.1*,LP.8.1,27.95031056,NA,NA
2025-03-23,Other,Other,Other,5.383022774,NA,NA
2025-03-23,KP.3.1.1,KP.3.1.1*,KP.3,12.21532091,NA,NA
2025-03-23,LF.7.7.2,LF.7.7.2,JN.1,4.347826087,NA,NA
2025-03-23,LP.8.1,LP.8.1*,LP.8.1,5.797101449,NA,NA
2025-03-23,MC.1,MC.1*,KP.3,2.277432712,NA,NA
2025-03-23,MC.1.2,MC.1.2,KP.3,1.6563147,NA,NA
2025-03-23,NP.1,NP.1,KP.3,3.933747412,NA,NA
2025-03-23,XEC,XEC*,XEC,22.36024845,NA,NA
2025-03-23,XEC.2,XEC.2*,XEC,3.519668737,NA,NA
2025-03-23,XEC.9,XEC.9,XEC,2.070393375,NA,NA
2025-03-23,JN.1,JN.1*,JN.1,6.211180124,NA,NA
2025-03-23,KP.3,KP.3*,KP.3,2.277432712,NA,NA
2025-04-06,LP.8.1.1,LP.8.1.1*,LP.8.1,25.69002123,NA,NA
2025-04-06,Other,Other,Other,9.341825902,NA,NA
2025-04-06,KP.3.1.1,KP.3.1.1*,KP.3,13.37579618,NA,NA
2025-04-06,LF.7.7.2,LF.7.7.2,JN.1,1.486199575,NA,NA
2025-04-06,LP.8.1,LP.8.1*,LP.8.1,9.978768577,NA,NA
2025-04-06,MC.1,MC.1*,KP.3,1.061571125,NA,NA
2025-04-06,MC.1.2,MC.1.2,KP.3,0.4246284501,NA,NA
2025-04-06,NP.1,NP.1,KP.3,2.972399151,NA,NA
2025-04-06,XEC,XEC*,XEC,20.59447983,NA,NA
2025-04-06,XEC.2,XEC.2*,XEC,1.6985138,NA,NA
2025-04-06,XEC.9,XEC.9,XEC,4.033970276,NA,NA
2025-04-06,JN.1,JN.1*,JN.1,8.067940552,NA,NA
2025-04-06,KP.3,KP.3*,KP.3,1.27388535,NA,NA
2025-04-20,LP.8.1.1,LP.8.1.1*,LP.8.1,34.53608247,NA,NA
2025-04-20,Other,Other,Other,15.20618557,NA,NA
2025-04-20,KP.3.1.1,KP.3.1.1*,KP.3,7.989690722,NA,NA
2025-04-20,LF.7.7.2,LF.7.7.2,JN.1,1.288659794,NA,NA
2025-04-20,LP.8.1,LP.8.1*,LP.8.1,11.59793814,NA,NA
2025-04-20,MC.1,MC.1*,KP.3,1.288659794,NA,NA
2025-04-20,MC.1.2,MC.1.2,KP.3,0.7731958763,NA,NA
2025-04-20,NP.1,NP.1,KP.3,0.5154639175,NA,NA
2025-04-20,XEC,XEC*,XEC,13.91752577,NA,NA
2025-04-20,XEC.2,XEC.2*,XEC,1.546391753,NA,NA
2025-04-20,XEC.9,XEC.9,XEC,2.319587629,NA,NA
2025-04-20,JN.1,JN.1*,JN.1,6.701030928,NA,NA
2025-04-20,KP.3,KP.3*,KP.3,2.319587629,NA,NA
2025-05-04,LP.8.1.1,LP.8.1.1*,LP.8.1,38.58836752,42.91812591,33.85734803
2025-05-04,Other,Other,Other,15.27155279,19.33700726,11.63703536
2025-05-04,KP.3.1.1,KP.3.1.1*,KP.3,6.675080654,8.308183639,5.122778992
2025-05-04,LF.7.7.2,LF.7.7.2,JN.1,2.08058521,3.355693605,1.25667863
2025-05-04,LP.8.1,LP.8.1*,LP.8.1,11.34085375,14.48836737,8.5293792
2025-05-04,MC.1,MC.1*,KP.3,0.5630434487,1.079743459,0.2985794472
2025-05-04,MC.1.2,MC.1.2,KP.3,0.412187998,0.8766368744,0.1853830809
2025-05-04,NP.1,NP.1,KP.3,1.358855912,2.166670567,0.811465107
2025-05-04,XEC,XEC*,XEC,12.46590658,15.00364207,10.30051963
2025-05-04,XEC.2,XEC.2*,XEC,1.123807525,1.847318344,0.713318491
2025-05-04,XEC.9,XEC.9,XEC,1.400584241,2.408132754,0.7965942847
2025-05-04,JN.1,JN.1*,JN.1,6.826208412,9.034359779,5.09776665
2025-05-04,KP.3,KP.3*,KP.3,1.892965959,3.140565236,1.041475674